ID,Incident Date,District,Bias Code,Bias Code_2,Bias,Status,# of Victims,Victim Type,# of Suspects,# Suspects < 18 of age,# Suspects 18-35 of age,# Suspects 36-45 of age,# Suspects 46-55 of age,# Suspects > 55 of age,Suspect Known/Unknown
190013103,3/21/2019,1D,Anti-Black,,Assault (simple),Closed-Admin,1,Individual(s),1,,1,,,,Known
180055472,11/5/2018,1D,Anti-Jewish,,Vandalism,N/A,,School/College,,,,,,,Unknown
190026176,6/2/2019,3D,Anti-Transgender,,Other,N/A,1,Individual(s),,,,,,,Known
170515340,6/23/2017,2D,Anti-Homosexual,,Vandalism,Open,1,Individual(s),,,,,,,Unknown
170520131,7/20/2017,4D,Anti-Black,,Verbal Intimidation/Simple Assault,UNF,2,Individual(s),1,,1,,,,Known
170513601,6/12/2017,2D,Anti-Jewish,,Vandalism,Inactive,,Society,,,,,,,Unknown
170542522,11/13/2017,1D,Anti-Black,,Vandalism,Open,,School/College,,,,,,,Unknown
170512439,6/6/2017,1D,Anti-Other Ethnicity,,Verbal Intimidation/Simple Assault,N/A,1,Individual(s),1,,,1,,,Known
180056039,11/8/2018,2D,Anti-Black,,Written Intimidation/Simple Assault,N/A,,School/College,1,1,,,,,Known
200021658,5/11/2020,2D,Anti-Black,,Other,Open,1,Individual(s),,,,,,,Unknown
180042888,8/28/2018,4D,Anti-Other Ethnicity,,Verbal Intimidation/Simple Assault,Open,1,Individual(s),1,,,,,,Known
180064394,12/24/2018,4D,Anti-Islamic,,Vandalism,Closed-Admin,,Religious Organization,,,,,,,Unknown
170500285,3/30/2017,2D,Anti-Black,,Verbal Intimidation/Simple Assault,N/A,1,Individual(s),3,3,,,,,Known
190011926,3/15/2019,4D,Anti-Asian,,Vandalism,Open,1,Individual(s),,,,,,,Unknown
170539207,10/27/2017,6D,Anti-Homosexual,,Assault (physical),Open,1,Individual(s),1,,,,,,Unknown
170511135,6/1/2017,1D,Anti-Jewish,,Vandalism,N/A,,School/College,1,1,,,,,Known
17012598,2/27/2017,5D,Anti-Islamic,,Written Intimidation/Simple Assault,N/A,,Religious Organization,,,,,,,Unknown
170501940,4/13/2017,4D,Anti-Black,,Vandalism,Inactive,1,Individual(s),,,,,,,Unknown
16059010,11/10/2016,1D,Anti-Multi-Racial,,Written Intimidation/Simple Assault,N/A,,School/College,2,2,,,,,Known
16020540,4/26/2016,2D,Anti-Black,,Written Intimidation/Simple Assault,UNF,1,Individual(s),,,,,,,Unknown
180053615,10/26/2018,4D,Anti-Black,,Assault (physical),Open,1,Individual(s),1,,,,,,Known
170542473,11/13/2017,4D,Anti-Homosexual,Anti-Transgender,Assault (physical),Open,1,Individual(s),1,,1,,,,Known
180032468,7/1/2018,5D,Anti-Islamic,,Vandalism,Inactive,1,Individual(s),,,,,,,Unknown
180026780,5/31/2018,5D,Anti-Black,,Flyer Left Behind,Inactive,1,Individual(s),,,,,,,Unknown
200008286,2/18/2020,6D,Anti-Jewish,,Vandalism,N/A,,School/College,,,,,,,Unknown
180011552,3/7/2018,1D,Anti-Multi-Racial,Anti-Multi-Religious Group,Written Intimidation/Simple Assault,Closed-Exception,,School/College,1,,,,1,,Known
170538262,10/20/2017,GCPD,Anti-Black,,Vandalism,Inactive,,School/College,,,,,,,Unknown
16046525,9/11/2016,6D,Anti-Homosexual,,Assault (physical),Closed-Arrest,1,Individual(s),1,,,,,,Unknown
16018523,4/16/2016,2D,Anti-Black,,Assault (physical),Open,1,Individual(s),,,,,,,Unknown
16047778,9/17/2016,5D,Anti-Other Ethnicity,,Verbal Intimidation/Simple Assault,N/A,1,Individual(s),,,,,,,Unknown
170523171,8/5/2017,3D,Anti-Black,,Vandalism,Open,1,Individual(s),,,,,,,Unknown
170520886,7/24/2017,RCPD,Anti-Black,,Physical Intimidation/Simple Assault,N/A,,School/College,4,4,,,,,Known
170510517,5/29/2017,TPPD,Anti-Catholic,,Vandalism,Open,,School/College,,,,,,,Unknown
170534164,10/1/2017,GCPD,Anti-Jewish,,Vandalism,Open,,Government,,,,,,,Unknown
170548977,12/16/2017,2D,Anti-Black,,Verbal Intimidation/Simple Assault,Open,1,Individual(s),1,,,,1,,Known
170522789,8/3/2017,5D,Anti-Homosexual,Anti-Black,Written Intimidation/Simple Assault,Inactive,1,Individual(s),,,,,,,Unknown
190035257,7/24/2019,4D,Anti-Jewish,,Vandalism,N/A,,Society,,,,,,,Unknown
190034844,7/22/2019,RCPD,Anti-Jewish,,Vandalism,N/A,,Society,,,,,,,Unknown
17012395,3/9/2017,1D,Anti-Black,Anti-Jewish,Vandalism,N/A,,School/College,,,,,,,Unknown
180054635,10/31/2018,6D,Anti-Jewish,,Vandalism,Closed-Admin,,School/College,1,1,,,,,Known
170526440,8/23/2017,4D,Anti-Black,,Assault (physical),Open,1,Individual(s),1,,,,1,,Known
16064683,12/17/2016,6D,Anti-Transgender,,Assault (physical),Open,2,Individual(s),1,,1,,,,Known
16043077,8/24/2016,5D,Anti-Jewish,,Written Intimidation/Simple Assault,Inactive,1,Individual(s),1,,,,,,Unknown
170529740,9/10/2017,6D,Anti-Multi-Racial,,Vandalism,Open,,Business/Financial Institution,,,,,,,Unknown
170528035,8/31/2017,6D,Anti-Multi-Racial,,Vandalism,Open,,Government,,,,,,,Unknown
190044912,9/19/2019,1D,Anti-Jewish,,Written Intimidation/Simple Assault,N/A,,Society,1,,,,,,Unknown
16000600,1/5/2016,1D,Anti-Black,,Verbal Intimidation/Simple Assault,N/A,1,Individual(s),1,,,,,1,Known
190044661,9/18/2019,4D,Anti-Black,,Written Intimidation/Simple Assault,Open,1,Individual(s),,,,,,,Unknown
16048759,9/22/2016,1D,Anti-Jewish,,Vandalism,Inactive,,School/College,,,,,,,Unknown
16058747,11/14/2016,5D,Anti-Jewish,,Written Intimidation/Simple Assault,Open,1,Individual(s),,,,,,,Unknown
16015330,3/21/2016,3D,Anti-Jewish,,Vandalism,Closed-Exception,,School/College,,,,,,,Unknown
16058596,11/12/2016,6D,Anti-Black,,Verbal Intimidation/Simple Assault,Open,,Business/Financial Institution,,,,,,,Unknown
180002565,1/13/2018,3D,Anti-Islamic,,Flyer Left Behind,Closed-Admin,2,Individual(s),,,,,,,Unknown
180006627,2/7/2018,2D,Anti-Asian,,Other,Open,1,Individual(s),,,,,,,Unknown
170537609,10/19/2017,6D,Anti-Black,,Assault (physical),Open,1,Individual(s),1,,1,,,,Known
180036689,7/24/2018,5D,Anti-Black,,Vandalism,Open,3,Individual(s),,,,,,,Unknown
200012238,3/12/2020,4D,Anti-Jewish,,Assault (physical),Closed-Arrest,1,Individual(s),1,,1,,,,Known
16035647,7/15/2016,2D,Anti-Black,,Assault (physical),Open,1,Individual(s),1,,,,1,,Known
200012130,3/11/2020,4D,Anti-Black,,Verbal Intimidation/Simple Assault,Closed-Exception,1,Individual(s),3,,,,,,Unknown
170522344,8/1/2017,1D,Anti-Black,,Written Intimidation/Simple Assault,Inactive,1,Individual(s),,,,,,,Unknown
180062118,12/11/2018,2D,Anti-Jewish,,Written Intimidation/Simple Assault,Open,,Religious Organization,,,,,,,Unknown
180051193,10/12/2018,GCPD,Anti-Black,,Verbal Intimidation/Simple Assault,Closed-Arrest,1,Individual(s),1,,,1,,,Known
200019091,5/11/2020,4D,Anti-Black,,Assault (simple),Open,1,Individual(s),1,,,,,1,Known
180014425,3/23/2018,4D,Anti-Jewish,,Verbal Intimidation/Simple Assault,N/A,,Religious Organization,,,,,,,Unknown
180051896,10/16/2018,2D,Anti-Homosexual,,Written Intimidation/Simple Assault,Open,2,Individual(s),1,,1,,,,Known
190006264,2/7/2019,1D,Anti-Jewish,,Vandalism,N/A,,School/College,,,,,,,Unknown
180055941,11/7/2018,2D,Anti-Homosexual,,Assault (physical),Open,1,Individual(s),,,,,,,Unknown
200019612,5/14/2020,4D,Anti-Homosexual,,Written Intimidation/Simple Assault,Open,1,Individual(s),4,,,,,,Unknown
190017752,4/16/2019,2D,Anti-Black,,Written Intimidation/Simple Assault,N/A,,School/College,4,4,,,,,Known
16033056,6/29/2016,5D,Anti-Hispanic,,Written Intimidation/Simple Assault,N/A,1,Individual(s),,,,,,,Unknown
190048433,10/9/2019,4D,Anti-Black,,Vandalism,Open,,Society,,,,,,,Unknown
180028849,6/11/2018,5D,Anti-White,,Assault (physical),Closed-Arrest,1,Individual(s),1,1,,,,,Known
200012538,3/14/2020,2D,Anti-Hispanic,,Assault (physical),Open,1,Individual(s),3,,,,,,Unknown
190010787,3/6/2019,1D,Anti-Jewish,,Vandalism,Open,,School/College,,,,,,,Known
17008045,2/14/2017,RCPD,Anti-Black,,Vandalism,Open,,School/College,,,,,,,Unknown
17015593,3/21/2017,RCPD,Anti-Jewish,,Vandalism,Inactive,,School/College,,,,,,,Unknown
17001593,1/9/2017,2D,Anti-Jewish,,Verbal Intimidation/Simple Assault,Closed-Admin,1,Individual(s),,,,,,,Unknown
190042835,9/7/2019,2D,Anti-Black,,Assault (physical),Open,1,Individual(s),2,,,1,,1,Known
180012810,3/14/2018,2D,Anti-Multi-Racial,Anti-Multi-Religious Group,Written Intimidation/Simple Assault,Closed-Exception,,Other,1,,,,1,,Known
170548562,12/14/2017,1D,Anti-Jewish,,Vandalism,Open,,School/College,,,,,,,Unknown
17012040,3/2/2017,1D,Anti-Jewish,,Written Intimidation/Simple Assault,UNF,1,Individual(s),,,,,,,Unknown
200000046,1/1/2020,3D,Anti-White,,Verbal Intimidation/Simple Assault,Open,1,Individual(s),3,,,,,,Unknown
190053319,11/5/2019,RCPD,Anti-Jewish,,Other,Open,,Society,1,,,,,,Unknown
16018453,4/15/2016,6D,Anti-Jewish,,Vandalism,Closed-Arrest,,Other,2,1,1,,,,Known
17010896,3/1/2017,1D,Anti-Transgender,,Assault (physical),UNF,1,Individual(s),,,,,,,Unknown
16007397,2/16/2016,3D,Anti-Black,,Verbal Intimidation/Simple Assault,Closed-Arrest,1,Individual(s),1,,,1,,,Known
180003605,1/22/2018,RCPD,Anti-Jewish,,Vandalism,Open,1,Individual(s),,,,,,,Unknown
180060752,12/5/2018,4D,Anti-Jewish,Anti-Homosexual,Vandalism,Open,1,School/College,,,,,,,Unknown
16000094,1/1/2016,1D,Anti-Jewish,,Vandalism,Inactive,,Government,,,,,,,Unknown
190031014,6/29/2019,4D,Anti-Other Religion,,Vandalism,Open,,Religious Organization,,,,,,,Unknown
200021967,6/3/2020,6D,Anti-White,,Assault (physical),Open,1,Individual(s),1,,,,,,Unknown
200017148,4/24/2020,4D,Anti-Catholic,,Vandalism,Open,,Religious Organization,,,,,,,Unknown
16031785,6/23/2016,5D,Anti-Black,,Verbal Intimidation/Simple Assault,Closed-Arrest,1,Individual(s),1,,,1,,,Known
200006186,2/6/2020,2D,Anti-Jewish,,Written Intimidation/Simple Assault,N/A,,School/College,,,,,,,Unknown
190022287,5/11/2019,2D,Anti-Jewish,,Vandalism,Open,,Other,,,,,,,Unknown
170512062,6/6/2017,6D,Anti-Black,,Vandalism,Closed-Admin,,Society,,,,,,,Unknown
16056997,11/3/2016,2D,Anti-Jewish,,Vandalism,Closed-Exception,,School/College,,,,,,,Unknown
170524265,8/11/2017,1D,Anti-Jewish,,Vandalism,Open,,Government,,,,,,,Unknown
170519264,7/15/2017,2D,Anti-Homosexual,,Other,Open,,Religious Organization,,,,,,,Unknown
190027831,6/11/2019,2D,Anti-Jewish,,Vandalism,N/A,,School/College,,,,,,,Known
170508274,5/17/2017,5D,Anti-Black,,Other,N/A,,Society,,,,,,,Unknown
16059407,11/17/2016,4D,Anti-Multi-Racial,,Vandalism,Closed-Exception,,School/College,,,,,,,Unknown
170542741,11/13/2017,1D,Anti-Multi-Religious Group,,Other,UNF,1,Individual(s),1,1,,,,,Known
190037812,8/8/2019,5D,Anti-White,,Assault (physical),Closed-Admin,1,Individual(s),1,,1,,,,Known
190049612,9/5/2019,3D,Anti-Black,,Written Intimidation/Simple Assault,N/A,1,Individual(s),,,,,,,Unknown
16028599,6/7/2016,5D,Anti-Islamic,,Assault (physical),UNF,1,Individual(s),1,,,,,,Unknown
180058409,11/21/2018,2D,Anti-Black,,Written Intimidation/Simple Assault,N/A,,Religious Organization,,,,,,,Unknown
170538425,10/24/2017,2D,Anti-Asian,,Physical Intimidation/Simple Assault,RTOJ,1,Individual(s),1,1,,,,,Known
16065398,12/21/2016,2D,Anti-Jewish,,Vandalism,N/A,,School/College,4,4,,,,,Known
190007372,2/13/2019,5D,Anti-Jewish,,Written Intimidation/Simple Assault,N/A,,School/College,1,1,,,,,Known
200015360,4/8/2020,4D,Anti-Catholic,,Arson,Closed-Arrest,,Religious Organization,2,,2,,,,Known
190045257,9/21/2019,2D,Anti-Jewish,,Vandalism,Open,1,Individual(s),,,,,,,Unknown
190046803,9/29/2019,2D,Anti-Homosexual,,Vandalism,Open,2,Individual(s),2,2,,,,,Known
16064150,12/14/2016,6D,Anti-Multi-Racial,,Vandalism,Inactive,,Other,,,,,,,Unknown
16058679,11/10/2016,3D,Anti-Black,,Vandalism,UNF,,School/College,,,,,,,Unknown
190039589,8/19/2019,1D,Anti-Black,,Verbal Intimidation/Simple Assault,N/A,2,Individual(s),,,,,,,Unknown
16044286,8/30/2016,4D,Anti-Black,,Assault (physical),Closed-Arrest,1,Individual(s),1,,,1,,,Known
180005117,1/30/2018,4D,Anti-Transgender,,Verbal Intimidation/Simple Assault,Closed-Admin,2,Individual(s),1,1,,,,,Known
180023349,5/12/2018,4D,Anti-Jewish,,Vandalism,Inactive,,Society,,,,,,,Unknown
17010515,2/27/2017,RCPD,Anti-White,,Vandalism,Inactive,,Society,,,,,,,Unknown
16025158,5/20/2016,5D,Anti-Hispanic,,Verbal Intimidation/Simple Assault,Open,1,Individual(s),1,,1,,,,Known
190016987,4/11/2019,RCPD,Anti-Black,,Written Intimidation/Simple Assault,N/A,,Society,,,,,,,Unknown
190038334,8/11/2019,6D,Anti-Black,,Verbal Intimidation/Simple Assault,N/A,1,Individual(s),,,,,,,Known
16065937,12/20/2016,5D,Anti-Other Ethnicity,,Other,N/A,1,Individual(s),,,,,,,Unknown
200014285,3/28/2020,RCPD,Anti-Jewish,,Vandalism,Closed-Arrest,,Religious Organization,1,,1,,,,Known
180007406,2/12/2018,2D,Anti-Homosexual,,Assault (physical),Closed-Exception,1,Individual(s),1,1,,,,,Known
190011995,3/15/2019,4D,Anti-Black,,Vandalism,Open,,Government,,,,,,,Unknown
200011351,3/7/2020,2D,Anti-Hispanic,,Assault (physical),Open,2,Individual(s),1,,1,,,,Known
190024312,5/22/2019,2D,Anti-Jewish,,Vandalism,N/A,,School/College,,,,,,,Unknown
200022388,6/7/2020,5D,Anti-Jewish,,Vandalism,Open,,Society,,,,,,,Unknown
170513456,6/12/2017,2D,Anti-White,,Verbal Intimidation/Simple Assault,N/A,1,Individual(s),1,1,,,,,Known
180062235,12/13/2018,4D,Anti-Homosexual,,Written Intimidation/Simple Assault,Closed-Exception,1,Individual(s),3,2,1,,,,Known
190060496,12/15/2019,2D,Anti-Transgender,,Assault (physical),Open,1,Individual(s),1,,,,,1,Known
16035615,7/14/2016,2D,Anti-Black,,Other,Inactive,,Religious Organization,,,,,,,Unknown
170546720,12/4/2017,4D,Anti-Jewish,,Vandalism,Closed-Admin,,School/College,1,1,,,,,Known
190025730,5/30/2019,2D,Anti-Jewish,,Vandalism,N/A,,School/College,,,,,,,Unknown
17006589,2/7/2017,RCPD,Anti-Jewish,,Vandalism,Open,,School/College,,,,,,,Unknown
170515518,6/24/2017,4D,Anti-Homosexual,,Vandalism,Inactive,1,Individual(s),,,,,,,Unknown
190041672,8/31/2019,TPPD,Anti-Homosexual,,Vandalism,Open,1,Individual(s),,,,,,,Unknown
16060434,11/24/2016,3D,Anti-Black,,Verbal Intimidation/Simple Assault,UNF,3,Individual(s),,,,,,,Unknown
16000451,1/3/2016,2D,Anti-Black,,Vandalism,Inactive,,School/College,,,,,,,Unknown
200006007,2/5/2020,3D,Anti-Black,,Written Intimidation/Simple Assault,N/A,1,Individual(s),1,,,,1,,Known
16014662,3/28/2016,6D,Anti-Jewish,,Written Intimidation/Simple Assault,Open,1,Individual(s),,,,,,,Unknown
17005427,1/31/2017,6D,Anti-Islamic,,Written Intimidation/Simple Assault,Closed-Admin,1,Individual(s),,,,,,,Unknown
170528788,9/5/2017,2D,Anti-Jewish,,Flyer Left Behind,N/A,1,Individual(s),,,,,,,Unknown
180036812,7/25/2018,1D,Anti-Jewish,,Flyer Left Behind,N/A,2,Individual(s),,,,,,,Unknown
200008665,2/20/2020,2D,Anti-Jewish,,Written Intimidation/Simple Assault,N/A,,School/College,1,1,,,,,Known
16061372,11/30/2016,3D,Anti-White,,Vandalism,Open,1,Individual(s),,,,,,,Unknown
190043357,9/10/2019,4D,Anti-Asian,,Assault (physical),Open,1,Individual(s),1,,,1,,,Known
170545799,11/30/2017,5D,Anti-Jewish,,Vandalism,Inactive,,School/College,,,,,,,Unknown
200011976,3/11/2020,4D,Anti-Jewish,,Vandalism,Open,,School/College,,,,,,,Unknown
17000751,1/5/2017,RCPD,Anti-Jewish,,Vandalism,Inactive,,Government,,,,,,,Unknown
170505864,5/10/2017,2D,Anti-Homosexual,,Verbal Intimidation/Simple Assault,Closed-Arrest,1,Individual(s),1,1,,,,,Known
190024373,5/22/2019,1D,Anti-Jewish,,Vandalism,N/A,,School/College,,,,,,,Unknown
190003079,1/19/2019,RCPD,Anti-Jewish,,Vandalism,Open,,School/College,,,,,,,Unknown
17001426,1/9/2017,1D,Anti-Jewish,,Verbal Intimidation/Simple Assault,Closed-Admin,,Religious Organization,,,,,,,Unknown
16031132,6/20/2016,2D,Anti-Multi-Religious Group,,Vandalism,N/A,,School/College,,,,,,,Unknown
16022796,5/8/2016,3D,Anti-Hispanic,,Assault (physical),Closed-Exception,1,Individual(s),,,,,,,Unknown
190020026,4/27/2019,2D,Anti-Black,,Verbal Intimidation/Simple Assault,N/A,,School/College,2,2,,,,,Known
16064736,12/16/2016,2D,Anti-Homosexual,,Vandalism,Inactive,,Religious Organization,,,,,,,Unknown
170513786,6/15/2017,3D,Anti-Jewish,,Vandalism,Open,,School/College,,,,,,,Unknown
190021275,5/6/2019,5D,Anti-Transgender,,Vandalism,Open,,Business/Financial Institution,1,1,,,,,Known
200014895,4/1/2020,GCPD,Anti-Jewish,,Verbal Intimidation/Simple Assault,Closed-Admin,,Religious Organization,2,,,,,,Unknown
200012482,3/13/2020,4D,Anti-Jewish,,Written Intimidation/Simple Assault,Closed-Arrest,2,Individual(s),1,,1,,,,Known
180039198,8/7/2018,2D,Anti-Jewish,,Written Intimidation/Simple Assault,Open,1,Individual(s),1,,1,,,,Known
16045255,9/4/2016,3D,Anti-Jewish,,Vandalism,Open,1,Individual(s),,,,,,,Unknown
180036489,7/23/2018,5D,Anti-Multi-Racial,Anti-Multi-Religious Group,Flyer Left Behind,N/A,1,Individual(s),,,,,,,Unknown
200015942,4/13/2020,5D,Anti-Jewish,Anti-Bisexual,Written Intimidation/Simple Assault,Open,1,Individual(s),1,,,,,,Known
16022218,5/5/2016,1D,Anti-Multi-Racial,,Vandalism,Inactive,,School/College,,,,,,,Unknown
16062433,12/5/2016,4D,Anti-Jewish,,Vandalism,Open,,School/College,,,,,,,Unknown
180009756,2/25/2018,1D,Anti-Black,,Other,N/A,,Government,,,,,,,Unknown
16035346,7/12/2016,3D,Anti-Homosexual,,Assault (physical),Closed-Arrest,2,Individual(s),1,,1,,,,Known
16002798,1/15/2016,5D,Anti-Transgender,,Verbal Intimidation/Simple Assault,N/A,1,Individual(s),,,,,,,Unknown
170521252,7/25/2017,RCPD,Anti-Jewish,,Written Intimidation/Simple Assault,Open,1,Individual(s),,,,,,,Unknown
170523413,8/6/2017,4D,Anti-Black,,Vandalism,UNF,1,Individual(s),,,,,,,Unknown
190022870,5/15/2019,RCPD,Anti-Hispanic,,Vandalism,Inactive,,Business/Financial Institution,,,,,,,Unknown
190023755,5/19/2019,2D,Anti-Other Ethnicity,,Vandalism,N/A,,School/College,,,,,,,Unknown
190056448,11/21/2019,2D,Anti-Jewish,,Vandalism,N/A,1,Individual(s),1,1,,,,,Known
200003519,1/22/2020,5D,Anti-Jewish,,Vandalism,Open,,School/College,,,,,,,Unknown
170524454,8/12/2017,6D,Anti-Homosexual,,Verbal Intimidation/Simple Assault,Open,1,Individual(s),1,,,1,,,Known
180023500,5/10/2018,RCPD,Anti-Islamic,,Written Intimidation/Simple Assault,Closed-Admin,1,Individual(s),,,,,,,Unknown
17010637,2/28/2017,5D,Anti-Jewish,,Vandalism,N/A,,School/College,,,,,,,Unknown
190025582,5/31/2019,2D,Anti-Jewish,,Vandalism,N/A,,School/College,,,,,,,Unknown
180010731,3/2/2018,TPPD,Anti-Transgender,,Assault (physical),Closed-Exception,1,Individual(s),2,,,,,,Unknown
16001171,1/7/2016,2D,Anti-Jewish,,Vandalism,N/A,,School/College,,,,,,,Unknown
16064844,12/18/2016,6D,Anti-Homosexual,,Vandalism,Inactive,,Other,,,,,,,Unknown
170528411,9/2/2017,6D,Anti-Black,,Physical Intimidation/Simple Assault,Open,1,Individual(s),3,3,,,,,Known
170531517,9/18/2017,2D,Anti-Black,,Verbal Intimidation/Simple Assault,Closed-Admin,1,Individual(s),1,1,,,,,Known
190023112,5/16/2019,1D,Anti-Jewish,,Vandalism,Open,,School/College,,,,,,,Unknown
180000925,1/6/2018,2D,Anti-Asian,,Written Intimidation/Simple Assault,Open,1,Individual(s),,,,,,,Unknown
16067112,12/31/2016,1D,Anti-Jewish,,Vandalism,Inactive,,Other,,,,,,,Unknown
180036383,7/22/2018,GCPD,Anti-Arab,,Vandalism,Open,2,Individual(s),,,,,,,Unknown
190041233,8/28/2019,RCPD,Anti-Other Ethnicity,,Verbal Intimidation/Simple Assault,Open,1,Individual(s),1,,,,,1,Known
16030098,6/14/2016,4D,Anti-Asian,,Verbal Intimidation/Simple Assault,N/A,2,Individual(s),2,,,,,2,Known
190040984,8/26/2019,4D,Anti-Jewish,,Vandalism,Open,,Other,,,,,,,Unknown
200002368,1/14/2020,4D,Anti-Islamic,,Written Intimidation/Simple Assault,N/A,1,Individual(s),,,,,,,Unknown
180034717,7/13/2018,2D,Anti-Black,,Verbal Intimidation/Simple Assault,Open,1,Individual(s),,,,,,,Unknown
16031655,6/16/2016,2D,Anti-Islamic,,Assault (physical),Closed-Arrest,1,Individual(s),1,,1,,,,Known
17011943,3/6/2017,1D,Anti-Jewish,,Written Intimidation/Simple Assault,Open,,Religious Organization,,,,,,,Unknown
180053627,10/25/2018,1D,Anti-Jewish,,Vandalism,N/A,,School/College,,,,,,,Unknown
200001627,1/4/2020,4D,Anti-Jewish,Anti-Multi-Racial,Flyer Left Behind,N/A,,Society,,,,,,,Unknown
170528121,9/1/2017,RCPD,Anti-Multi-Racial,,Flyer Left Behind,Open,,Society,,,,,,,Unknown
16020209,4/24/2016,1D,Anti-Jewish,,Vandalism,Inactive,,School/College,,,,,,,Unknown
180005896,1/31/2018,3D,Anti-Homosexual,,Vandalism,Closed-Admin,1,Individual(s),,,,,,,Unknown
190022028,5/10/2019,4D,Anti-Jewish,,Vandalism,N/A,,Society,,,,,,,Unknown
16058486,11/12/2016,3D,Anti-Hispanic,,Vandalism,Open,,Religious Organization,,,,,,,Unknown
16058581,11/13/2016,4D,Anti-Hispanic,,Assault (physical),Closed-Arrest,1,Individual(s),1,,1,,,,Known
16042149,8/20/2016,3D,Anti-Black,,Verbal Intimidation/Simple Assault,N/A,1,Individual(s),1,,,,,1,Known
200021910,6/3/2020,4D,Anti-Black,,Vandalism,Open,,Business/Financial Institution,1,,,,,,Unknown
200010934,3/5/2020,RCPD,Anti-Asian,,Written Intimidation/Simple Assault,N/A,1,Individual(s),,,,,,,Unknown
190030534,6/24/2019,1D,Anti-Hispanic,,Assault (physical),Open,1,Individual(s),4,,4,,,,Unknown
17000401,1/3/2017,2D,Anti-Black,,Written Intimidation/Simple Assault,Closed-Admin,1,Individual(s),1,,1,,,,Known
200011796,3/10/2020,RCPD,Anti-Multi-Racial,Anti-Homosexual,Written Intimidation/Simple Assault,N/A,,School/College,,,,,,,Unknown
16012552,3/14/2016,1D,Anti-Black,,Written Intimidation/Simple Assault,N/A,1,Individual(s),1,,,,,,Known
190015763,4/4/2019,2D,Anti-Homosexual,,Assault (physical),Closed-Arrest,1,Individual(s),1,,1,,,,Known
180004831,1/28/2018,RCPD,Anti-Gender Non-Conforming,,Assault (physical),Closed-Arrest,1,Individual(s),1,,1,,,,Known
16014707,3/25/2016,TPPD,Anti-Black,,Verbal Intimidation/Simple Assault,Closed-Arrest,1,Individual(s),1,,,,1,,Known
180061842,12/11/2018,6D,Anti-Homosexual,Anti-Jewish,Vandalism,Closed-Admin,1,School/College,1,1,,,,,Known
190018069,4/17/2019,2D,Anti-Jewish,,Vandalism,Open,,Society,,,,,,,Unknown
170535772,10/8/2017,1D,Anti-Islamic,,Written Intimidation/Simple Assault,Closed-Admin,1,Individual(s),2,2,,,,,Known
16052215,10/3/2016,1D,Anti-Black,,Written Intimidation/Simple Assault,N/A,1,Individual(s),,,,,,,Unknown
17007821,2/13/2017,GCPD,Anti-Jewish,,Vandalism,N/A,,School/College,,,,,,,Unknown
200021449,5/30/2020,2D,Anti-Homosexual,,Assault (physical),Open,1,Individual(s),4,3,,,,,Known
190006274,2/8/2019,1D,Anti-Black,,Written Intimidation/Simple Assault,N/A,1,Individual(s),4,4,,,,,Known
180011551,3/7/2018,1D,Anti-White,,Written Intimidation/Simple Assault,Closed-Arrest,,School/College,1,,,,1,,Known
180008200,2/16/2018,2D,Anti-Jewish,,Written Intimidation/Simple Assault,Inactive,1,Individual(s),,,,,,,Unknown
170526402,8/23/2017,RCPD,Anti-Jewish,Anti-Islamic,Flyer Left Behind,Open,,Other,,,,,,,Unknown
16058365,11/12/2016,3D,Anti-Islamic,,Verbal Intimidation/Simple Assault,N/A,,Religious Organization,1,,,,,1,Known
190049702,10/16/2019,3D,Anti-Black,,Vandalism,Closed-Arrest,1,Individual(s),2,,1,1,,,Known
180044692,9/7/2018,4D,Anti-Jewish,,Vandalism,Closed-Arrest,,Religious Organization,1,,1,,,,Known
180014001,3/21/2018,2D,Anti-Jewish,,Written Intimidation/Simple Assault,Closed-Admin,1,Individual(s),1,,1,,,,Known
190003502,1/23/2019,4D,Anti-Islamic,,Verbal Intimidation/Simple Assault,Open,1,Individual(s),1,,,,,,Known
16063483,12/10/2016,2D,Anti-Jewish,,Flyer Left Behind,Closed-Exception,1,Individual(s),,,,,,,Unknown
170507863,5/15/2017,2D,Anti-Black,,Vandalism,N/A,,School/College,,,,,,,Unknown
200014302,3/28/2020,5D,Anti-Other Religion,,Vandalism,Open,,Religious Organization,,,,,,,Unknown
200005776,2/4/2020,4D,Anti-Black,,Vandalism,N/A,,School/College,,,,,,,Unknown
190025231,5/27/2019,2D,Anti-Black,,Vandalism,Open,,Society,,,,,,,Unknown
190007085,2/13/2019,5D,Anti-Black,,Assault (simple),Closed-Arrest,1,Individual(s),1,,,1,,,Known
180056355,11/8/2018,4D,Anti-Transgender,,Assault (physical),Closed-Exception,1,Individual(s),1,,,,,,Known
16060113,11/22/2016,2D,Anti-Other Ethnicity,,Written Intimidation/Simple Assault,N/A,1,Individual(s),,,,,,,Unknown
170516376,6/28/2017,GCPD,Anti-Black,,Vandalism,Inactive,3,Individual(s),,,,,,,Unknown
190030993,6/28/2019,1D,Anti-Black,,Vandalism,Open,,Other,,,,,,,Unknown
190021305,5/7/2019,4D,Anti-Asian,Anti-Homosexual,Vandalism,Open,,Individual(s),,,,,,,Unknown
180007926,2/15/2018,1D,Anti-Black,,Vandalism,Open,,School/College,,,,,,,Unknown
190019957,4/28/2019,6D,Anti-Homosexual,,Assault (physical),Inactive,1,Individual(s),2,,,,,,Unknown
200003031,1/18/2020,RCPD,Anti-Black,,Verbal Intimidation/Simple Assault,Open,1,Individual(s),1,,,,1,,Known
170508252,5/17/2017,2D,Anti-Black,,Verbal Intimidation/Simple Assault,Closed-Admin,1,Individual(s),1,,,,,,Unknown
200001072,1/7/2020,TPPD,Anti-Jewish,,Verbal Intimidation/Simple Assault,Open,1,Individual(s),1,,,,,1,Known
17012521,3/9/2017,1D,Anti-Catholic,,Vandalism,Closed-Admin,4,Individual(s),1,1,,,,,Known
17004089,1/23/2017,3D,Anti-Jewish,,Vandalism,Open,,School/College,,,,,,,Unknown
180012537,3/13/2018,6D,Anti-Black,,Vandalism,Open,,Government,,,,,,,Unknown
180001592,1/10/2018,4D,Anti-Multi-Racial,Anti-Jewish,Vandalism,Open,1,Individual(s),,,,,,,Unknown
180054728,11/1/2018,6D,Anti-Jewish,,Written Intimidation/Simple Assault,Open,,Religious Organization,1,,,,,,Known
16061267,11/29/2016,1D,Anti-Black,,Vandalism,Inactive,,School/College,,,,,,,Unknown
16010040,2/29/2016,6D,Anti-Jewish,,Vandalism,Open,,Other,,,,,,,Unknown
16034348,7/7/2016,2D,Anti-Jewish,,Vandalism,Inactive,,Government,,,,,,,Unknown
190037127,8/4/2019,4D,Anti-Black,,Vandalism,Closed-Admin,1,Individual(s),,,,,,,Unknown
200012207,3/12/2020,2D,Anti-Black,,Verbal Intimidation/Simple Assault,N/A,1,Individual(s),,,,,,,Unknown
190043481,9/10/2019,GCPD,Anti-Multi-Racial,,Vandalism,Open,,Society,,,,,,,Unknown
200005935,2/5/2020,4D,Anti-Transgender,,Verbal Intimidation/Simple Assault,N/A,1,Individual(s),1,1,,,,,Unknown
200015065,4/5/2020,RCPD,Anti-Jewish,,Vandalism,Open,,Business/Financial Institution,,,,,,,Unknown
180036449,7/23/2018,5D,Anti-Jewish,Anti-Black,Flyer Left Behind,N/A,2,Individual(s),,,,,,,Unknown
200012731,3/15/2020,RCPD,Anti-Jewish,,Verbal Intimidation/Simple Assault,N/A,7,Individual(s),1,,,1,,,Known
190048760,10/10/2019,GCPD,Anti-Asian,,Assault (physical),Open,2,Individual(s),1,,1,,,,Known
170540409,11/1/2017,2D,Anti-Jewish,,Written Intimidation/Simple Assault,Open,,School/College,1,1,,,,,Known
170542528,11/13/2017,4D,Anti-Islamic,,Written Intimidation/Simple Assault,Open,1,Individual(s),,,,,,,Unknown
170513374,6/13/2017,4D,Anti-Black,,Vandalism,Open,,School/College,1,1,,,,,Known
180060495,12/3/2018,5D,Anti-Black,,Assault (physical),Closed-Arrest,1,Individual(s),1,,,,,1,Known
17010553,2/27/2017,4D,Anti-Islamic,,Written Intimidation/Simple Assault,N/A,,Religious Organization,,,,,,,Unknown
200006894,2/10/2020,2D,Anti-Jewish,,Vandalism,N/A,,School/College,1,1,,,,,Known
190015019,3/26/2019,2D,Anti-Black,,Written Intimidation/Simple Assault,N/A,1,Individual(s),,,,,,,Known
180014071,3/21/2018,2D,Anti-Jewish,,Written Intimidation/Simple Assault,Closed-Admin,1,Individual(s),,,,,,,Unknown
17005248,1/30/2017,6D,Anti-Black,,Assault (physical),UNF,1,Individual(s),1,,,,,,Unknown
190059278,12/5/2019,1D,Anti-Jewish,,Vandalism,N/A,,School/College,,,,,,,Unknown
190014251,3/27/2019,1D,Anti-Hispanic,,Verbal Intimidation/Simple Assault,Open,1,Individual(s),,,,,,,Known
180011102,3/4/2018,4D,Anti-White,,Written Intimidation/Simple Assault,UNF,1,Individual(s),4,4,,,,,Known
17010455,2/27/2017,2D,Anti-Jewish,,Verbal Intimidation/Simple Assault,RTOJ,,School/College,,,,,,,Unknown
170532001,9/21/2017,3D,Anti-Jewish,,Vandalism,Open,,Government,,,,,,,Unknown
180022971,5/9/2018,RCPD,Anti-Black,,Assault (physical),UNF,1,Individual(s),2,,,,,,Unknown
16020077,4/23/2016,4D,Anti-Black,,Other,N/A,,School/College,,,,,,,Unknown
190033954,7/17/2019,4D,Anti-Black,,Written Intimidation/Simple Assault,Open,1,Individual(s),,,,,,,Known
170526017,8/20/2017,4D,Anti-Homosexual,,Vandalism,Inactive,2,Individual(s),,,,,,,Unknown
170537332,10/16/2017,1D,Anti-Black,,Physical Intimidation/Simple Assault,RTOJ,,Government,,,,,,,Unknown
190031138,6/30/2019,RCPD,Anti-Homosexual,,Assault (physical),Open,1,Individual(s),1,,1,,,,Known
16007812,2/16/2016,4D,Anti-Multi-Racial,,Vandalism,Open,,Other,,,,,,,Unknown
17005552,2/1/2017,5D,Anti-Other Ethnicity,,Verbal Intimidation/Simple Assault,N/A,1,Individual(s),1,,,1,,,Known
17008261,2/15/2017,4D,Anti-Jewish,,Written Intimidation/Simple Assault,Closed-Admin,1,Individual(s),3,1,,,,,Unknown
180015906,4/2/2018,2D,Anti-Transgender,,Assault (physical),Open,1,Individual(s),1,,,,,1,Known
17001156,1/7/2017,RCPD,Anti-Jewish,,Written Intimidation/Simple Assault,Inactive,1,Individual(s),,,,,,,Unknown
190011458,3/11/2019,3D,Anti-Jewish,,Written Intimidation/Simple Assault,N/A,1,Individual(s),1,1,,,,,Known
180020921,4/29/2018,GCPD,Anti-Multi-Racial,,Vandalism,Inactive,,Society,,,,,,,Unknown
16053043,10/15/2016,5D,Anti-White,,Assault (physical),Closed-Arrest,1,Individual(s),1,,1,,,,Known
190019923,4/28/2019,RCPD,Anti-Jewish,,Vandalism,Open,1,Individual(s),,,,,,,Unknown
180049428,10/3/2018,4D,Anti-Black,,Written Intimidation/Simple Assault,Closed-Admin,,School/College,1,1,,,,,Known
200009369,2/25/2020,2D,Anti-Jewish,,Vandalism,N/A,,School/College,,,,,,,Unknown
16038833,8/1/2016,4D,Anti-Transgender,,Assault (physical),Closed-Arrest,2,Individual(s),2,,2,,,,Known
16030124,6/14/2016,5D,Anti-White,,Assault (physical),Closed-Exception,1,Individual(s),1,,,,,,Known
200013722,3/20/2020,2D,Anti-Jewish,,Written Intimidation/Simple Assault,N/A,,Religious Organization,,,,,,,Unknown
190041063,8/27/2019,5D,Anti-Multi-Racial,,Written Intimidation/Simple Assault,N/A,,Business/Financial Institution,,,,,,,Known
190009605,2/28/2019,3D,Anti-Homosexual,,Assault (physical),Open,1,Individual(s),2,,,,,,Unknown
180057207,11/14/2018,4D,Anti-Asian,,Verbal Intimidation/Simple Assault,Closed-Arrest,,Business/Financial Institution,1,,,1,,,Known
16032895,6/26/2016,3D,Anti-Black,,Vandalism,Open,1,Individual(s),,,,,,,Unknown
16052250,10/10/2016,2D,Anti-Jewish,,Vandalism,Closed-Exception,,School/College,,,,,,,Unknown
180008956,2/20/2018,3D,Anti-Hispanic,,Vandalism,Open,,Society,,,,,,,Unknown
17012225,3/8/2017,2D,Anti-Black,Anti-Jewish,Vandalism,Closed-Admin,,School/College,,,,,,,Unknown
17014656,3/22/2017,1D,Anti-Hispanic,,Verbal Intimidation/Simple Assault,Inactive,,School/College,,,,,,,Unknown
190019525,4/26/2019,2D,Anti-Homosexual,,Written Intimidation/Simple Assault,Open,,Religious Organization,1,,,,,1,Known
180052330,10/18/2018,TPPD,Anti-Jewish,,Vandalism,Closed-Arrest,1,Individual(s),1,,,,,1,Known
170533042,9/22/2017,1D,Anti-Black,,Vandalism,Open,,School/College,,,,,,,Unknown
200020889,4/21/2020,1D,Anti-Jewish,,Written Intimidation/Simple Assault,Open,,Religious Organization,,,,,,,Unknown
200021971,6/3/2020,4D,Anti-Black,Anti-Jewish,Vandalism,Open,,Business/Financial Institution,,,,,,,Unknown
190016854,4/11/2019,RCPD,Anti-Jewish,,Written Intimidation/Simple Assault,Open,1,Individual(s),1,,,,1,,Known
17008392,2/16/2017,1D,Anti-Jewish,,Vandalism,Closed-Admin,,School/College,3,3,,,,,Known
17000839,1/5/2017,6D,Anti-Islamic,,Written Intimidation/Simple Assault,N/A,,Religious Organization,,,,,,,Unknown
16054220,10/13/2016,1D,Anti-Jewish,,Vandalism,Inactive,,School/College,,,,,,,Unknown
180029724,6/15/2018,2D,Anti-Jewish,,Vandalism,Inactive,,School/College,,,,,,,Unknown
180043768,9/1/2018,5D,Anti-Other Religion,,Verbal Intimidation/Simple Assault,Open,,Religious Organization,,,,,,,Unknown
180053595,10/25/2018,RCPD,Anti-Homosexual,,Vandalism,Open,1,Individual(s),,,,,,,Unknown
190020400,5/1/2019,4D,Anti-Black,,Vandalism,Inactive,,Society,,,,,,,Known
180026302,5/28/2018,GCPD,Anti-Jewish,,Flyer Left Behind,Inactive,1,Individual(s),,,,,,,Unknown
190043750,9/12/2019,2D,Anti-Jewish,Anti-Homosexual,Vandalism,Inactive,2,Individual(s),,,,,,,Unknown
200007490,2/14/2020,4D,Anti-Asian,Anti-Black,Assault (physical),Open,1,Individual(s),1,,,,,1,Known
170516892,7/1/2017,4D,Anti-Islamic,,Vandalism,Closed-Arrest,1,Individual(s),1,,,,,1,Known
190036323,7/31/2019,5D,Anti-Black,,Verbal Intimidation/Simple Assault,Open,1,Individual(s),,,,,,,Unknown
180014801,3/28/2018,1D,Anti-Jewish,,Verbal Intimidation/Simple Assault,Open,,Religious Organization,1,,,1,,,Known
17016332,3/31/2017,RCPD,Anti-Hispanic,,Assault (physical),Open,1,Individual(s),,,,,,,Unknown
180007511,2/13/2018,6D,Anti-Gender Non-Conforming,,Verbal Intimidation/Simple Assault,UNF,1,Individual(s),2,,,,,,Unknown
190014980,3/30/2019,2D,Anti-Black,Anti-Hispanic,Vandalism,Open,,School/College,,,,,,,Known
190004730,1/12/2019,3D,Anti-Homosexual,,Flyer Left Behind,N/A,,Society,,,,,,,Unknown
190000566,1/4/2019,2D,Anti-Black,Anti-Jewish,Vandalism,Inactive,,Business/Financial Institution,,,,,,,Unknown
190030991,6/28/2019,2D,Anti-Jewish,,Vandalism,Open,1,Individual(s),,,,,,,Unknown
190005702,2/5/2019,1D,Anti-Jewish,,Vandalism,N/A,,School/College,1,1,,,,,Known
16061017,11/28/2016,6D,Anti-Jewish,,Vandalism,Open,,Government,,,,,,,Unknown
170547368,12/8/2017,GCPD,Anti-Jewish,,Vandalism,Open,,School/College,,,,,,,Unknown
200000206,1/1/2020,TPPD,Anti-Homosexual,,Vandalism,Open,1,Individual(s),,,,,,,Unknown
17015428,3/26/2017,RCPD,Anti-Hispanic,,Flyer Left Behind,N/A,,Society,,,,,,,Unknown
180009214,2/22/2018,4D,Anti-Hispanic,,Verbal Intimidation/Simple Assault,N/A,1,Individual(s),1,,,,,,Known
17008087,2/14/2017,GCPD,Anti-Jewish,,Vandalism,N/A,,School/College,,,,,,,Unknown
16014473,3/25/2016,2D,Anti-Jewish,,Flyer Left Behind,N/A,,Other,,,,,,,Unknown
17015199,3/25/2017,4D,Anti-Hispanic,,Verbal Intimidation/Simple Assault,N/A,,Society,1,,,,,1,Known
190038025,8/9/2019,RCPD,Anti-Black,,Written Intimidation/Simple Assault,N/A,,Society,,,,,,,Unknown
190024385,5/22/2019,4D,Anti-Homosexual,,Written Intimidation/Simple Assault,Closed-Exception,1,Individual(s),1,1,,,,,Known
16065935,12/23/2016,1D,Anti-Jewish,,Vandalism,Open,,Government,,,,,,,Unknown
170514039,6/16/2017,6D,Anti-Homosexual,,Vandalism,Inactive,,Society,,,,,,,Unknown
16064888,12/18/2016,2D,Anti-Jewish,,Flyer Left Behind,N/A,1,Individual(s),,,,,,,Unknown
180040116,8/12/2018,3D,Anti-Other Religion,,Vandalism,Inactive,,Religious Organization,,,,,,,Unknown
180056319,11/9/2018,4D,Anti-Homosexual,,Verbal Intimidation/Simple Assault,N/A,1,Individual(s),1,1,,,,,Known
180000185,1/2/2018,5D,Anti-Black,,Verbal Intimidation/Simple Assault,Inactive,1,Individual(s),1,,,,,,Unknown
170501371,4/9/2017,RCPD,Anti-Multi-Racial,,Flyer Left Behind,N/A,,Society,,,,,,,Unknown
180030512,6/20/2018,RCPD,Anti-Jewish,,Written Intimidation/Simple Assault,Open,,Religious Organization,,,,,,,Unknown
190006227,2/8/2019,RCPD,Anti-Jewish,Anti-Black,Vandalism,Open,,Society,,,,,,,Unknown
180054345,10/30/2018,4D,Anti-Jewish,,Vandalism,Open,2,Individual(s),,,,,,,Unknown
16055886,10/30/2016,2D,Anti-Jewish,,Vandalism,Inactive,,School/College,,,,,,,Unknown
16019185,4/19/2016,5D,Anti-Multi-Racial,,Flyer Left Behind,N/A,,Individual(s),,,,,,,Unknown
200007845,2/16/2020,TPPD,Anti-White,,Vandalism,N/A,,Society,,,,,,,Unknown
17016198,3/29/2017,5D,Anti-White,,Assault (physical),Closed-Exception,1,Individual(s),2,2,,,,,Known
170513635,6/14/2017,2D,Anti-Black,,Display of Noose,Closed-Admin,1,Individual(s),1,1,,,,,Known
16020705,4/27/2016,2D,Anti-Multi-Religious Group,,Vandalism,Open,,Government,,,,,,,Unknown
170511952,6/5/2017,3D,Anti-Islamic,,Written Intimidation/Simple Assault,Closed-Admin,2,Individual(s),,,,,,,Unknown
190013251,3/22/2019,6D,Anti-Islamic,,Assault (physical),Closed-Admin,1,Individual(s),1,,1,,,,Known
180023060,5/10/2018,TPPD,Anti-Transgender,,Assault (physical),Closed-Arrest,1,Individual(s),1,1,,,,,Known
16065495,12/21/2016,3D,Anti-White,,Vandalism,Open,,School/College,,,,,,,Unknown
180048816,9/30/2018,5D,Anti-Other Ethnicity,,Vandalism,Inactive,6,Individual(s),2,,,,,,Known
190034718,7/21/2019,5D,Anti-Black,,Verbal Intimidation/Simple Assault,N/A,1,Individual(s),1,,,,1,,Known
16019492,4/20/2016,5D,Anti-Multi-Racial,,Flyer Left Behind,N/A,3,Individual(s),,,,,,,Unknown
190002042,1/13/2019,4D,Anti-Multi-Racial,,Vandalism,Open,,School/College,,,,,,,Known
190058606,12/5/2019,4D,Anti-Jewish,,Vandalism,N/A,,School/College,,,,,,,Unknown
190033899,7/17/2019,4D,Anti-Black,,Verbal Intimidation/Simple Assault,N/A,2,Individual(s),1,,,,,1,Known
180025325,5/22/2018,4D,Anti-Jewish,,Verbal Intimidation/Simple Assault,Inactive,1,Individual(s),1,,,,,,Unknown
190010757,3/8/2019,4D,Anti-Black,,Vandalism,N/A,,School/College,,,,,,,Unknown
180054970,11/3/2018,4D,Anti-Hispanic,,Verbal Intimidation/Simple Assault,N/A,1,Individual(s),1,,,,,1,Known
17009753,2/23/2017,5D,Anti-Homosexual,,Written Intimidation/Simple Assault,N/A,1,Individual(s),2,,,,2,,Known
180025757,5/25/2018,6D,Anti-Homosexual,,Vandalism,Closed-Exception,1,Individual(s),1,,1,,,,Known
17016212,3/30/2017,1D,Anti-Black,Anti-Jewish,Vandalism,Inactive,1,School/College,,,,,,,Unknown
16059730,11/19/2016,3D,Anti-Jewish,,Vandalism,Open,1,Individual(s),,,,,,,Unknown
190049032,10/11/2019,5D,Anti-Black,,Other,Open,,Society,,,,,,,Unknown
190010572,3/7/2019,4D,Anti-Black,,Written Intimidation/Simple Assault,N/A,,School/College,1,1,,,,,Known
170500969,4/7/2017,1D,Anti-Multi-Racial,,Flyer Left Behind,N/A,,Society,,,,,,,Unknown
16059494,11/18/2016,1D,Anti-Black,,Verbal Intimidation/Simple Assault,Inactive,1,Individual(s),,,,,,,Unknown
200000380,1/3/2020,TPPD,Anti-Homosexual,,Vandalism,Open,1,Individual(s),3,,,,,,Unknown
16061405,11/29/2016,1D,Anti-Jewish,,Vandalism,Inactive,,School/College,,,,,,,Unknown
190042422,9/1/2019,6D,Anti-Jewish,Anti-Multi-Racial,Vandalism,N/A,,Society,,,,,,,Unknown
170534673,10/3/2017,4D,Anti-Black,,Assault (physical),Closed-Admin,1,Individual(s),3,3,,,,,Known
16058195,11/11/2016,2D,Anti-Jewish,,Vandalism,Closed-Exception,,School/College,,,,,,,Unknown
170521486,7/27/2017,3D,Anti-Hispanic,,Assault (physical),Closed-Admin,2,Individual(s),1,,,,,1,Known
190058610,12/5/2019,5D,Anti-Black,,Vandalism,Closed-Admin,,School/College,,,,,,,Unknown
180045932,9/14/2018,4D,Anti-Black,,Assault (physical),Closed-Exception,1,Individual(s),1,,,,,,Known
16048796,9/22/2016,2D,Anti-Transgender,,Assault (physical),Open,1,Individual(s),1,,,1,,,Known
190061126,12/19/2019,4D,Anti-Black,Anti-Hispanic,Assault (physical),Open,1,Individual(s),1,,,,1,,Known
190057278,11/22/2019,2D,Anti-Jewish,,Vandalism,N/A,,School/College,,,,,,,Unknown
16060360,11/23/2016,4D,Anti-Hispanic,,Assault (physical),Inactive,3,Individual(s),,,,,,,Unknown
170509521,5/23/2017,6D,Anti-Black,,Vandalism,Open,,School/College,,,,,,,Unknown
180040663,8/15/2018,4D,Anti-Hispanic,,Assault (physical),Closed-Admin,1,Individual(s),1,,1,,,,Known
16037478,7/24/2016,1D,Anti-Homosexual,,Written Intimidation/Simple Assault,Inactive,2,Individual(s),,,,,,,Unknown
16037182,7/22/2016,2D,Anti-Hispanic,,Assault (physical),Closed-Arrest,1,Individual(s),1,,,,,1,Known
190057974,12/2/2019,4D,Anti-Black,Anti-Jewish,Vandalism,N/A,,School/College,,,,,,,Unknown
170526290,8/22/2017,3D,Anti-Islamic,,Verbal Intimidation/Simple Assault,UNF,1,Individual(s),1,,1,,,,Known
180059646,11/29/2018,3D,Anti-Jewish,,Written Intimidation/Simple Assault,Open,1,Individual(s),,,,,,,Unknown
170515971,6/26/2017,3D,Anti-Black,,Vandalism,Open,1,Individual(s),,,,,,,Unknown
190001026,1/4/2019,RCPD,Anti-Catholic,,Vandalism,Open,,Religious Organization,,,,,,,Unknown
170521739,7/28/2017,GCPD,Anti-Hispanic,,Assault (physical),Closed-Arrest,2,Individual(s),1,,1,,,,Known
17002238,1/13/2017,3D,Anti-Jewish,,Vandalism,Open,,School/College,,,,,,,Unknown
170543121,11/15/2017,4D,Anti-Jewish,Anti-Black,Written Intimidation/Simple Assault,Open,,Individual(s),3,3,,,,,Known
180031107,6/24/2018,3D,Anti-Black,Anti-Homosexual,Vandalism,Closed-Admin,,Religious Organization,,,,,,,Unknown
190029874,6/22/2019,2D,Anti-Black,,Vandalism,Open,,Business/Financial Institution,,,,,,,Unknown
16026270,5/26/2016,TPPD,Anti-White,,Verbal Intimidation/Simple Assault,N/A,1,Individual(s),1,1,,,,,Unknown
180022825,5/9/2018,4D,Anti-Homosexual,,Vandalism,N/A,,School/College,,,,,,,Unknown
170548729,12/15/2017,6D,Anti-Jewish,Anti-Black,Written Intimidation/Simple Assault,Open,1,Individual(s),,,,,,,
180062542,12/14/2018,2D,Anti-Black,,Other,N/A,,School/College,,,,,,,Unknown
190012119,3/15/2019,TPPD,Anti-Asian,,Verbal Intimidation/Simple Assault,Open,,Society,1,,,,,,Unknown
190018079,4/17/2019,RCPD,Anti-Black,,Assault (simple),Inactive,1,Individual(s),1,,,,1,,Known
190020981,5/4/2019,5D,Anti-Black,,Vandalism,Open,,Society,3,,,,,,Unknown
170526194,8/22/2017,GCPD,Anti-Asian,Anti-Jewish,Vandalism,Open,,Government,,,,,,,Unknown
200006187,2/6/2020,2D,Anti-Jewish,,Vandalism,N/A,,School/College,,,,,,,Unknown
16024967,5/19/2016,3D,Anti-Jewish,,Flyer Left Behind,Open,2,Individual(s),,,,,,,Unknown
200001377,1/8/2020,2D,Anti-Homosexual,,Verbal Intimidation/Simple Assault,N/A,,Society,2,,,,,,Unknown
16036103,7/16/2016,1D,Anti-Black,,Vandalism,Inactive,,Government,,,,,,,Unknown
190056339,11/1/2019,2D,Anti-Black,,Verbal Intimidation/Simple Assault,Open,1,Individual(s),1,1,,,,,Known
190038139,8/10/2019,2D,Anti-Homosexual,,Vandalism,Open,2,Individual(s),,,,,,,Unknown
190056404,11/22/2019,RCPD,Anti-Black,,Verbal Intimidation/Simple Assault,Open,,Society,1,,,,,1,Known
170516427,6/29/2017,2D,Anti-Asian,,Verbal Intimidation/Simple Assault,N/A,1,Individual(s),,,,,,,Unknown
180016500,4/5/2018,4D,Anti-Black,,Vandalism,Inactive,,School/College,,,,,,,Unknown
190049765,10/17/2019,TPPD,Anti-Black,,Vandalism,Open,,Government,,,,,,,Unknown
16060209,11/23/2016,2D,Anti-Jewish,,Vandalism,N/A,,School/College,,,,,,,Unknown
170514643,6/18/2017,4D,Anti-Black,,Physical Intimidation/Simple Assault,N/A,,Society,,,,,,,Unknown
170502163,4/14/2017,1D,Anti-Homosexual,,Assault (physical),UNF,2,Individual(s),1,,1,,,,Known
180031855,6/28/2018,3D,Anti-Black,,Written Intimidation/Simple Assault,Closed-Admin,1,Individual(s),1,,,,,,Known
180054204,10/29/2018,3D,Anti-Hispanic,,Verbal Intimidation/Simple Assault,Open,1,Individual(s),1,,,,,,Unknown
16065054,12/19/2016,2D,Anti-Multi-Racial,,Vandalism,Open,,Religious Organization,,,,,,,Unknown
190013600,3/24/2019,5D,Anti-Islamic,,Vandalism,Open,2,Individual(s),1,,,,,,Unknown
170514215,6/17/2017,3D,Anti-Black,,Vandalism,Closed-Admin,1,Individual(s),,,,,,,Unknown
16054366,10/22/2016,4D,Anti-Homosexual,,Assault (physical),Closed-Arrest,4,Individual(s),2,,2,,,,Known
200003575,1/22/2020,2D,Anti-Homosexual,Anti-Black,Written Intimidation/Simple Assault,Open,1,Individual(s),1,,1,,,,Known
190054013,11/8/2019,6D,Anti-Black,,Vandalism,Open,1,Individual(s),,,,,,,Unknown
190059858,12/12/2019,RCPD,Anti-Black,,Verbal Intimidation/Simple Assault,Open,,Business/Financial Institution,1,,,,,1,Known
170530867,9/17/2017,6D,Anti-Black,,Verbal Intimidation/Simple Assault,Open,1,Individual(s),1,,1,,,,Known
180017177,4/8/2018,4D,Anti-Black,,Written Intimidation/Simple Assault,N/A,1,Individual(s),,,,,,,Unknown
180027544,6/4/2018,GCPD,Anti-White,,Assault (physical),Closed-Arrest,2,Individual(s),1,,1,,,,Known
180055692,11/6/2018,2D,Anti-Jewish,,Verbal Intimidation/Simple Assault,N/A,,Religious Organization,,,,,,,Unknown
16035635,7/14/2016,2D,Anti-Black,,Verbal Intimidation/Simple Assault,Closed-Arrest,1,Individual(s),1,,,,1,,Known
190021692,5/9/2019,6D,Anti-Homosexual,,Assault (physical),N/A,1,Individual(s),1,,,1,,,Known
17014825,3/22/2017,6D,Anti-Black,,Written Intimidation/Simple Assault,Open,1,Individual(s),,,,,,,Unknown
16066413,12/27/2016,6D,Anti-Hispanic,,Verbal Intimidation/Simple Assault,Closed-Arrest,1,Individual(s),1,,,1,,,Known
180023857,5/15/2018,2D,Anti-Black,,Verbal Intimidation/Simple Assault,N/A,1,Individual(s),1,,,1,,,Known
190022915,5/15/2019,2D,Anti-Jewish,,Vandalism,N/A,,School/College,,,,,,,Unknown
16035697,7/14/2016,4D,Anti-Jewish,,Verbal Intimidation/Simple Assault,Open,1,Individual(s),,,,,,,Unknown
17013994,3/18/2017,6D,Anti-Black,,Assault (physical),Open,2,Individual(s),1,,,,,,Unknown
200007854,2/16/2020,4D,Anti-Black,,Vandalism,Open,,Society,,,,,,,Unknown
180003892,1/23/2018,2D,Anti-Black,,Verbal Intimidation/Simple Assault,Closed-Arrest,1,Individual(s),1,,,,,1,Known
17016633,4/1/2017,1D,Anti-Black,,Verbal Intimidation/Simple Assault,N/A,2,Individual(s),1,,1,,,,Known
180064275,12/24/2018,RCPD,Anti-Black,,Written Intimidation/Simple Assault,N/A,,School/College,,,,,,,Unknown
190023313,5/17/2019,2D,Anti-Jewish,,Vandalism,N/A,,School/College,,,,,,,Unknown
16020631,4/26/2016,2D,Anti-Black,,Verbal Intimidation/Simple Assault,N/A,1,Individual(s),1,,,,1,,Known
170512466,6/2/2017,2D,Anti-Jewish,,Vandalism,N/A,,School/College,,,,,,,Unknown
17014459,3/21/2017,1D,Anti-Jewish,Anti-Black,Vandalism,Open,,School/College,,,,,,,Unknown
190004111,1/25/2019,RCPD,Anti-Catholic,,Vandalism,Open,,Religious Organization,,,,,,,Unknown
190006643,2/11/2019,2D,Anti-Black,,Display of Noose,N/A,,Business/Financial Institution,,,,,,,Known
180040392,8/14/2018,2D,Anti-Black,,Vandalism,Closed-Admin,1,Individual(s),1,,1,,,,Known
190016883,4/11/2019,4D,Anti-Homosexual,,Written Intimidation/Simple Assault,N/A,2,Individual(s),1,1,,,,,Known
16027958,6/4/2016,5D,Anti-Islamic,,Assault (physical),Open,2,Individual(s),1,,1,,,,Known
170510497,5/29/2017,1D,Anti-Jewish,,Vandalism,Open,,School/College,,,,,,,Unknown
190051237,10/25/2019,4D,Anti-Multi-Racial,,Flyer Left Behind,N/A,,Society,,,,,,,Unknown
16024255,5/16/2016,TPPD,Anti-Jewish,,Vandalism,Open,1,Individual(s),,,,,,,Unknown
170513795,6/15/2017,6D,Anti-Black,,Physical Intimidation/Simple Assault,N/A,,Society,,,,,,,Unknown
16032044,6/19/2016,6D,Anti-Multi-Religious Group,,Vandalism,N/A,,Government,,,,,,,Unknown
170524634,8/13/2017,1D,Anti-Islamic,,Assault (physical),Open,2,Individual(s),,,,,,,Unknown
190023546,5/18/2019,5D,Anti-Jewish,Anti-Homosexual,Vandalism,N/A,,School/College,,,,,,,Unknown
170522548,8/2/2017,5D,Anti-Homosexual,Anti-Black,Written Intimidation/Simple Assault,Inactive,1,Individual(s),,,,,,,Unknown
16048388,9/20/2016,4D,Anti-Jewish,,Written Intimidation/Simple Assault,Closed-Arrest,2,Individual(s),1,,,1,,,Known
17005568,2/1/2017,4D,Anti-Islamic,,Verbal Intimidation/Simple Assault,Inactive,1,Individual(s),1,,,,,1,Known
16019138,4/19/2016,5D,Anti-Hispanic,,Written Intimidation/Simple Assault,N/A,1,Individual(s),,,,,,,Unknown
200014771,4/2/2020,6D,Anti-Black,,Verbal Intimidation/Simple Assault,Open,1,Individual(s),1,,,1,,,Known
170512854,6/11/2017,GCPD,Anti-Jewish,,Vandalism,Open,,Society,,,,,,,Unknown
190013820,3/25/2019,2D,Anti-Black,,Verbal Intimidation/Simple Assault,Open,1,Individual(s),1,,,,1,,Known
190008048,2/19/2019,1D,Anti-Gender Non-Conforming,,Verbal Intimidation/Simple Assault,Open,1,Individual(s),1,,,,,,Known
190012351,3/17/2019,5D,Anti-Black,,Written Intimidation/Simple Assault,Closed-Arrest,1,Individual(s),1,,,,,,Unknown
180008473,2/18/2018,3D,Anti-Jewish,,Written Intimidation/Simple Assault,Closed-Admin,1,Individual(s),,,,,,,Unknown
200010779,2/28/2020,5D,Anti-Black,,Vandalism,Open,,School/College,,,,,,,Unknown
200023283,6/13/2020,1D,Anti-Asian,,Assault (simple),Open,1,Individual(s),1,,,,,,Unknown
200023743,6/17/2020,6D,Anti-Multi-Racial,,Vandalism,Open,,Society,,,,,,,Unknown
200023370,6/14/2020,4D,Anti-Black,,Assault (simple),Open,1,Individual(s),1,,,,,,Unknown
200023220,6/13/2020,2D,Anti-Black,,Vandalism,Closed-Arrest,,School/College,3,2,1,,,,Known
200023881,6/18/2020,6D,Anti-Black,,Written Intimidation/Simple Assault,N/A,,Society,1,1,,,,,Known
200022158,6/3/2020,3D,Anti-Black,,Written Intimidation/Simple Assault,N/A,1,Individual(s),1,1,,,,,Known
200022595,6/8/2020,6D,Anti-Black,,Vandalism,Open,1,Individual(s),,,,,,,Unknown
200024002,6/19/2020,5D,Anti-Multi-Racial,,Vandalism,Open,,Business/Financial Institution,,,,,,,Unknown
200010306,3/1/2020,2D,Anti-Black,,Vandalism,Open,,School/College,1,1,,,,,Known
200025151,6/28/2020,4D,Anti-Other Christian,Anti-Black,Verbal Intimidation/Simple Assault,Open,,Religious Organization,,,,,,,Unknown
200024294,6/21/2020,6D,Anti-White,,Assault (simple),Open,1,Individual(s),1,,,,,,Unknown
200025065,6/27/2020,5D,Anti-Hispanic,,Verbal Intimidation/Simple Assault,Open,1,Individual(s),1,,1,,,,Known
200021753,5/29/2020,2D,Anti-Asian,,Verbal Intimidation/Simple Assault,N/A,1,Individual(s),1,,,,,1,Known
200025560,7/1/2020,4D,Anti-Black,,Other,N/A,1,Individual(s),,,,,,,Unknown
200026050,7/5/2020,RCPD,Anti-Multi-Racial,,Vandalism,Open,,Society,,,,,,,Unknown
200026919,7/11/2020,GCPD,Anti-Jewish,,Vandalism,Open,,Society,,,,,,,Unknown
200027331,7/14/2020,4D,Anti-Jewish,,Vandalism,Open,,School/College,,,,,,,Unknown
200026840,7/10/2020,6D,Anti-Other Ethnicity,,Assault (simple),Open,1,Individual(s),1,,,,,1,Known
200027636,7/16/2020,GCPD,Anti-Multi-Racial,,Vandalism,Open,,Society,,,,,,,Unknown
200026933,7/11/2020,RCPD,Anti-Black,,Vandalism,Open,1,Individual(s),,,,-1,,,Unknown
200027568,7/15/2020,3D,Anti-Black,,Written Intimidation/Simple Assault,Open,1,Individual(s),,,,,,,Unknown
200031285,8/11/2020,5D,Anti-White,,Assault (physical),Open,1,Individual(s),4,,,,,,Unknown
200031359,8/12/2020,4D,Anti-Black,,Verbal Intimidation/Simple Assault,N/A,1,Individual(s),1,,,,,1,Known
200032313,8/18/2020,5D,Anti-Asian,,Verbal Intimidation/Simple Assault,N/A,1,Individual(s),1,,,,,,Unknown
200030868,8/8/2020,2D,Anti-Jewish,,Written Intimidation/Simple Assault,N/A,0,Society,,,,,,,Unknown
200031354,8/11/2020,5D,Anti-Homosexual,,Vandalism,Open,,School/College,,,,,,,Unknown
200031255,8/11/2020,4D,Anti-Black,,Written Intimidation/Simple Assault,N/A,1,Individual(s),,,,,,,Unknown
200032800,8/22/2020,5D,Anti-Hispanic,,Assault (physical),Open,2,Individual(s),1,,,,1,,Known
200033310,8/25/2020,4D,Anti-Homosexual,,Other,N/A,1,Individual(s),,,,,,,Unknown
200032905,8/23/2020,4D,Anti-Black,Anti-Homosexual,Vandalism,Open,,School/College,2,,,,,,Unknown
200033474,8/27/2020,3D,Anti-White,Anti-Black,Written Intimidation/Simple Assault,Open,,Business/Financial Institution,,,,,,,Unknown
200033347,8/26/2020,5D,Anti-Asian,,Verbal Intimidation/Simple Assault,Inactive,1,Individual(s),1,,,,,,Known
200033510,8/27/2020,1D,Anti-Black,,Written Intimidation/Simple Assault,Open,1,Individual(s),,,,,,,Unknown
200035694,9/11/2020,6D,Anti-Multi-Racial,,Verbal Intimidation/Simple Assault,N/A,,Business/Financial Institution,1,,,,,,
200034523,9/3/2020,5D,Anti-Asian,,Assault (simple),Closed-Arrest,1,Individual(s),1,,,,,,Known
200035435,9/9/2020,4D,Anti-Hispanic,,Assault (physical),Open,1,Individual(s),1,,,,,,Unknown
200034267,9/1/2020,4D,Anti-Black,,Verbal Intimidation/Simple Assault,N/A,1,Individual(s),1,,,,,,Unknown
200035879,9/13/2020,6D,Anti-Multi-Racial,Anti-Jewish,Vandalism,Open,,Society,,,,,,,Unknown
200037324,9/1/2020,1D,Anti-Black,,Verbal Intimidation/Simple Assault,N/A,,School/College,,,,,,,Unknown
200036770,9/19/2020,2D,Anti-Jewish,,Verbal Intimidation/Simple Assault,N/A,1,Individual(s),1,,1,,,,Known
200033465,8/27/2020,3D,Anti-White,Anti-Black,Written Intimidation/Simple Assault,UNF,2,Business/Financial Institution,,,,,,,Unknown
200034491,9/4/2020,3D,Anti-Jewish,,Other,N/A,1,Individual(s),,,,,,,Unknown
200038765,10/1/2020,4D,Anti-Black,,Written Intimidation/Simple Assault,N/A,,Society,,,,,,,Unknown
200040560,10/14/2020,5D,Anti-Black,Anti-Homosexual,Assault (simple),Closed-Arrest,1,Individual(s),1,1,,,,,Known
200040555,10/14/2020,2D,Anti-Black,,Display of Noose,Open,,School/College,2,,,,,,Unknown
200040693,10/16/2020,4D,Anti-Homosexual,,Physical Intimidation/Simple Assault,Open,1,Individual(s),1,,,,,,Unknown
200042228,10/26/2020,3D,Anti-Homosexual,,Written Intimidation/Simple Assault,N/A,1,Individual(s),,,,,,,Unknown
200039661,10/8/2020,5D,Anti-White,,Vandalism,Open,1,Individual(s),1,,,,,,Known
200039089,10/4/2020,3D,Anti-Jewish,,Verbal Intimidation/Simple Assault,N/A,,Religious Organization,,,,,,,Unknown
200044170,11/9/2020,RCPD,Anti-Black,,Verbal Intimidation/Simple Assault,N/A,1,Individual(s),,,,,,,Unknown
200043449,11/3/2020,2D,Anti-Jewish,,Vandalism,N/A,1,Individual(s),,,,,,,Unknown
200044534,11/9/2020,2D,Anti-Jewish,Anti-Black,Vandalism,Open,,School/College,2,,,,,,Unknown
200045948,11/20/2020,6D,Anti-Homosexual,,Assault (physical),Open,1,Individual(s),2,,,,,,
200044976,11/14/2020,5D,Anti-White,,Assault (simple),Open,2,Individual(s),1,,,,,,Unknown
200046728,11/26/2020,6D,Anti-Black,,Assault (simple),Open,1,Individual(s),1,,,,,,Unknown
200046805,11/27/2020,1D,Anti-Transgender,,Written Intimidation/Simple Assault,Open,1,Individual(s),1,1,,,,,Unknown
200045586,11/18/2020,2D,Anti-Jewish,,Vandalism,Open,1,Individual(s),,,,,,,Unknown
200046789,11/27/2020,1D,Anti-Jewish,,Vandalism,Open,1,Individual(s),,,,,,,Unknown
200045934,11/20/2020,1D,Anti-Jewish,,Verbal Intimidation/Simple Assault,Open,0,Religious Organization,,,,,,,Unknown
200047241,11/30/2020,6D,Anti-Asian,,Verbal Intimidation/Simple Assault,Open,,Business/Financial Institution,1,,,,,,Unknown
200046530,11/25/2020,3D,Anti-Arab,,Verbal Intimidation/Simple Assault,Open,2,Individual(s),3,,,,,,Unknown
